reg_num,fullnames,python,java,english,total,average
20rp03111,HATEGEKIMANA Jeanbosco,90,80,98,268,89.33333333333333
20rp031118,TUYIZERE Jean Damascene,89,98,90,277,92.33333333333333
20rp04332,KATUSHABE Apophia,78,87,98,263,87.66666666666667
20rp03718,KAGABO Fred,801,90,97,988,329.3333333333333
20rp043392,KARENZI James,60,28,49,137,45.666666666666664
20RP03110,KANSIME Jouana,40,70,89,199,66.33333333333333
20rp03101,manzi ftred,40,60,80,180,60.0
20rp0111,HATEGEKIMANA kiki,44,44,44,132,44.0
20rp01122,HATEGEKIMANA Jeanboscok,43,43,43,129,43.0
20rp021212,jado kiki,40,40,40,120,40.0
